citing_title,citing_year,citing_venue,citing_link,cites_stacy_paper
Theory of the Counterinsurgent Girl,2026,Cambridge University Press eBooks,https://doi.org/10.1017/9781009521826,https://openalex.org/W2766051028
Teacher Content Knowledge in Indian Secondary Schools and Its Relationship with Student Learning,2026,AEA Papers and Proceedings,https://doi.org/10.1257/pandp.20261030,https://openalex.org/W2766051028
Generative AI feedback loops drive cognitive engagement and equity via the digital Hawthorne effect,2026,Research Square,https://doi.org/10.21203/rs.3.rs-9121799/v1,https://openalex.org/W2766051028
The access-quality paradox: Examining the disconnect between financial inputs and learning outcomes in Zambia’s free education policy,2026,African Journal of Empirical Research,https://doi.org/10.51867/ajernet.7.1.20,https://openalex.org/W2766051028
High temperature and learning outcomes: Evidence from Ethiopia,2026,Journal of Environmental Economics and Management,https://doi.org/10.1016/j.jeem.2025.103278,https://openalex.org/W2766051028
Learning-Adjusted Years of Schooling Worldwide,2026,Population economics,https://doi.org/10.1007/978-3-032-13277-2_3,https://openalex.org/W2766051028
Between chalk and chains: the political economy of teachers and learning-focused reforms in low- and middle-income countries,2026,International Journal of Leadership in Education,https://doi.org/10.1080/13603124.2026.2703964,https://openalex.org/W2580942528
Language Discordance and its Moderating Effects on Early-Grade Bilingual Reading Intervention Outcomes in Ghana,2026,Journal of Research on Educational Effectiveness,https://doi.org/10.1080/19345747.2026.2686686,https://openalex.org/W2580942528
Digital payments of health workers within vaccination campaigns: a mixed-methods study in Chad,2026,BMJ Global Health,https://doi.org/10.1136/bmjgh-2025-018989,https://openalex.org/W2580942528
An Analysis of Problems Posed by Pre-service Primary School Teachers on Fraction Division,2026,Sınırsız Eğitim ve Araştırma Dergisi,https://doi.org/10.29250/sead.1805277,https://openalex.org/W2580942528
Is Free Education Really Free? Achievements and Challenges of Free Basic and Secondary Education in Sub‐Saharan Africa,2026,Diversity & Inclusion Research,https://doi.org/10.1002/dvr2.70053,https://openalex.org/W2580942528
Leadership practices and teacher professional learning and development in public senior high schools in Ghana: insights from teachers and educational leaders,2026,Professional Development in Education,https://doi.org/10.1080/19415257.2025.2604024,https://openalex.org/W2580942528
Measuring Education Management in LAC and Why It Matters,2026,Studies in educational leadership,https://doi.org/10.1007/978-3-032-01094-0_6,https://openalex.org/W2580942528
"‘Sometimes, I would look at my books and cry because I felt like I was left behind’: Understanding the learning of Indigenous girls during the <scp>COVID</scp> ‐19 pandemic in the districts of Chongwe and Solwezi in Zambia",2026,British Educational Research Journal,https://doi.org/10.1002/berj.70141,https://openalex.org/W3142663501
Flight and Falling,2026,Springer briefs in education,https://doi.org/10.1007/978-981-95-6931-1_4,https://openalex.org/W3142663501
Linguistic Barriers and Pedagogical Solutions in Malay Essay Writing among Students of Malaysian Independent Chinese Secondary Schools: A Mixed-Methods Case Study,2026,Open Journal of Social Sciences,https://doi.org/10.4236/jss.2026.147017,https://openalex.org/W3142663501
"Women, Infants and Children ( <scp>WIC</scp> ) Participation and Breastfeeding Behavior: Comparing Foreign‐Born to <scp>US</scp> ‐Born Mothers",2026,Birth,https://doi.org/10.1111/birt.70081,https://openalex.org/W2903171032
"Resilience in Breastfeeding Planning Among Mothers in the Special Supplemental Nutrition Programme for Women, Infants and Children",2026,Journal of Human Nutrition and Dietetics,https://doi.org/10.1111/jhn.70197,https://openalex.org/W2903171032
Indicators of Household Composition Are Associated with Adherence to Fruit and Vegetable Intake Recommendations Among Caretakers Eligible for SNAP with Children,2026,International Journal of Environmental Research and Public Health,https://doi.org/10.3390/ijerph23060765,https://openalex.org/W3213634859
Frozen and Canned Produce Use and WIC Cash-Value Benefit Redemption in a Tribal Organization,2026,International Journal of Environmental Research and Public Health,https://doi.org/10.3390/ijerph23060754,https://openalex.org/W3213634859
"Predictors of Redemption among Low-Income, Pregnant Women, Infants, and Children Participants: A Secondary Analysis of a Multicomponent eHealth Behavioral Intervention Study",2026,Journal of Nutrition,https://doi.org/10.1016/j.tjnut.2026.101421,https://openalex.org/W3213634859
Forecasting the path of SNAP spending using state-level panel data models,2026,Empirical Economics,https://doi.org/10.1007/s00181-026-02947-w,https://openalex.org/W2967747679
Food deprivation and cognitive function among adults 55+ in the United States and India,2026,Journal of Aging & Social Policy,https://doi.org/10.1080/08959420.2026.2615199,https://openalex.org/W2967747679
"Progress, challenges, and future directions on statistical capacity building in Somalia",2026,Discover Sustainability,https://doi.org/10.1007/s43621-026-03978-0,https://openalex.org/W4327973207
Brazil Data Commons: Unified Platform for Analyzing Public Data from Different Repositories,2026,,https://doi.org/10.1145/3795513.3807435,https://openalex.org/W4327973207
India's rural energy transition: Evidence from village-level survey aggregates of clean energy adoption across states,2026,Applied Energy,https://doi.org/10.1016/j.apenergy.2026.127744,https://openalex.org/W4327973207
G20 Ülkelerinin Açık Veri Ekosistem Performansı: MARCOS ve PSI Tabanlı Değerlendirme Modeli,2026,Dicle Üniversitesi Sosyal Bilimler Enstitüsü Dergisi,https://doi.org/10.15182/diclesosbed.1599808,https://openalex.org/W4327973207
Global health care: Analysis and indicators,2026,AIP conference proceedings,https://doi.org/10.1063/5.0321958,https://openalex.org/W4327973207
Using (unreliable) district-level value-added scores to inform school funding (and potentially other) decisions,2026,Educational Assessment Evaluation and Accountability,https://doi.org/10.1007/s11092-026-09481-4,https://openalex.org/W2984160421
Deficit‐Oriented Teacher Beliefs and Student Outcomes in Low‐ and Middle‐Income Countries,2025,Sociology Compass,https://doi.org/10.1111/soc4.70129,https://openalex.org/W2766051028
Urbanization and educational attainment: Evidence from Africa,2025,Journal of Development Economics,https://doi.org/10.1016/j.jdeveco.2025.103654,https://openalex.org/W2766051028
Preventing School Dropout at Scale: Experimental Evidence from Guatemala,2025,Journal of Labor Economics,https://doi.org/10.1086/739022,https://openalex.org/W2766051028
Fertility Decline and Educational Progress Among African Women and Children,2025,Demography,https://doi.org/10.1215/00703370-12250354,https://openalex.org/W2766051028
How economic choices affect livelihoods in Madagascar's park-adjacent communities and what it means for conservation and development,2025,Environmental Development,https://doi.org/10.1016/j.envdev.2025.101357,https://openalex.org/W2766051028
"Using Low-Tech, Behaviorally Informed Solutions to Improve Teacher Adoption of Foundational Pedagogical Practices: Evidence from a Field Experiment in India",2025,,https://doi.org/10.12688/verixiv.1853.1,https://openalex.org/W2766051028
Grade repetition among learners with and without disabilities in two provinces of South Africa,2025,African Journal of Disability,https://doi.org/10.4102/ajod.v14i0.1676,https://openalex.org/W2766051028
Understanding education policy preferences: Survey experiments with policymakers in 35 developing countries,2025,World Development,https://doi.org/10.1016/j.worlddev.2025.107140,https://openalex.org/W2766051028
How Is Fertility Behavior in Africa Different?,2025,Demography,https://doi.org/10.1215/00703370-12191344,https://openalex.org/W2766051028
"School Heads’ Coaching and Mentoring Competence on Teachers’ Classroom Management, Instructional Delivery and Research and Innovation Engagement",2025,Psychology and Education A Multidisciplinary Journal,https://doi.org/10.70838/pemj.430502,https://openalex.org/W2766051028
The effect of teacher training and community literacy programming on teacher and student outcomes,2025,Journal of Development Economics,https://doi.org/10.1016/j.jdeveco.2025.103578,https://openalex.org/W2766051028
Labor Markets in Developing Countries,2025,Annual Review of Economics,https://doi.org/10.1146/annurev-economics-091124-051650,https://openalex.org/W2766051028
The effect of multiple representations-based and problem-based instruction in linear algebra on pre-service teachers' dimensions of understanding and self-efficacy perceptions,2025,Journal of Mathematics Teacher Education,https://doi.org/10.1007/s10857-025-09696-0,https://openalex.org/W2766051028
Community monitoring and social accountability in development projects: Experimental evidence from Uganda,2025,Journal of Development Economics,https://doi.org/10.1016/j.jdeveco.2025.103537,https://openalex.org/W2766051028
A call to action: the second Lancet Commission on adolescent health and wellbeing,2025,The Lancet,https://doi.org/10.1016/s0140-6736(25)00503-3,https://openalex.org/W2766051028
Importance of Professional Training for Future Teachers in Tunisia,2025,IGI Global eBooks,https://doi.org/10.4018/979-8-3693-9969-9.ch009,https://openalex.org/W2766051028
Prevalence and Drivers of Stalls and Reversals in Age at First Marriage in Sub-Saharan Africa,2025,Population Research and Policy Review,https://doi.org/10.1007/s11113-024-09932-0,https://openalex.org/W2766051028
Exploring teaching practices for developing paragraph writing skills in English as a foreign language through a competence-based approach in Tanzania’s secondary schools,2025,Discover Education,https://doi.org/10.1007/s44217-025-00478-7,https://openalex.org/W2766051028
LEGAL GROUNDS FOR EDUCATION THROUGH UNESCO IN HARD-TO-REACH PLACES IN INDIVIDUAL STATES,2025,Європейський правничий часопис.,https://doi.org/10.36919/3041-1149(print).6-7.2025.65-71,https://openalex.org/W2766051028
Policy for Closing Education Gaps across Gender and Culture: Tuition-Free Education or School Construction?,2025,SSRN Electronic Journal,https://doi.org/10.2139/ssrn.5787506,https://openalex.org/W2766051028
Keeping Teachers in the Classroom: How School Management Tackles Absenteeism in South Africa,2025,E-Journal of Humanities Arts and Social Sciences,https://doi.org/10.38159/ehass.202561417,https://openalex.org/W2580942528
The impact of performance-based school grants on students’ academic achievement: quasi-experimental evidence from Southern Ethiopia,2025,China Economic Journal,https://doi.org/10.1080/17538963.2025.2604949,https://openalex.org/W2580942528
Chorusing or questioning: Using EQs and KWLs in the science classroom in Anglophone Cameroon,2025,African Journal of Teacher Education and Development,https://doi.org/10.4102/ajoted.v4i1.112,https://openalex.org/W2580942528
"Exploring the professional learning and development needs of public primary school teachers in Lagos State, Nigeria",2025,International Journal of Professional Development Learners and Learning,https://doi.org/10.30935/ijpdll/17080,https://openalex.org/W2580942528
"Assessment Practices of Ghanaian Senior High School Mathematics Teachers: A National Survey of Practices, Self-Rated Skills, and Predictors",2025,European Journal of Mathematics and Science Education,https://doi.org/10.12973/ejmse.6.3.161,https://openalex.org/W2580942528
"Teacher Educator Knowledge, Skills, and Self-Efficacy: Systemic Impacts on Initial Teacher Education Programming",2025,Trends in Higher Education,https://doi.org/10.3390/higheredu4030043,https://openalex.org/W2580942528
Challenges encountered by teachers and pupils in increasing precision and writing consistency of government primary early graders in Tanzania,2025,Educational Dimension,https://doi.org/10.55056/ed.906,https://openalex.org/W2580942528
"Pedagogical and Technical Competence Level, Problems and Competency Needs of Technology and Livelihood Education (TLE) Teachers: Basis for Professional Development Program",2025,Psychology and Education A Multidisciplinary Journal,https://doi.org/10.70838/pemj.410101,https://openalex.org/W2580942528
"Impact of Implementation of Classroom Management Practices on Performance of Learners in English Language in Private Primary Schools, in Katsina-Ala, Benue State, Nigeria",2025,British Journal of Education Learning and Development Psychology,https://doi.org/10.52589/bjeldp-3wp9zzo9,https://openalex.org/W2580942528
"Exploring middle-level school citizenship education teachers’ professional knowledge competence in West Gojjam administrative zone, Ethiopia",2025,Citizenship Social and Economics Education,https://doi.org/10.1177/14788047251334344,https://openalex.org/W2580942528
TransformEd: an innovative model to support professional growth of pre-service teachers,2025,Teaching Education,https://doi.org/10.1080/10476210.2025.2462312,https://openalex.org/W2580942528
Initial teacher education: meanings of quality for Australia and Brazil,2025,Revista Brasileira de Educação,https://doi.org/10.1590/s1413-24782025300073,https://openalex.org/W2580942528
Formação inicial de professores: significados de qualidade para Austrália e Brasil,2025,Revista Brasileira de Educação,https://doi.org/10.1590/s1413-24782025300072,https://openalex.org/W2580942528
Benchmark Modules: A Better Interim Assessment? Evidence From Statewide Use of Benchmark Modules in Utah,2025,AERA Open,https://doi.org/10.1177/23328584251369828,https://openalex.org/W2153122791
READING PERFORMANCE OF LEARNERS IN NATIONAL READING CAMP AND FACTORS AFFECTING IT,2025,Cognizance Journal of Multidisciplinary Studies,https://doi.org/10.47760/cognizance.2025.v05i08.011,https://openalex.org/W3142663501
"Exploring the influence of professional development, curricular change, and coaching on teachers’ literacy instructional practices and perceptions",2025,Journal of Early Childhood Literacy,https://doi.org/10.1177/14687984251367647,https://openalex.org/W3142663501
Redemption of Specific Categories of WIC Food Benefits and Risk of Program Discontinuation,2025,JAMA Network Open,https://doi.org/10.1001/jamanetworkopen.2025.46544,https://openalex.org/W3213634859
Consumption of the Food Groups with the Revised Benefits in the New WIC Food Package: A Scoping Review,2025,Nutrients,https://doi.org/10.3390/nu17050856,https://openalex.org/W3213634859
Timing of SNAP disbursement and crime incidence in the United States,2025,Contemporary Economic Policy,https://doi.org/10.1111/coep.70005,https://openalex.org/W2967747679
Can reducing administrative burdens increase benefit amounts? Evidence from <scp>SNAP</scp> simplified reporting,2025,Applied Economic Perspectives and Policy,https://doi.org/10.1002/aepp.13508,https://openalex.org/W3134769759
Nutrition incentives in action: Exploring nutrition security and community connection in a longitudinal study,2025,Journal of Agriculture Food Systems and Community Development,https://doi.org/10.5304/jafscd.2025.143.002,https://openalex.org/W3134769759
Missing SDG gender indicators,2025,World Development,https://doi.org/10.1016/j.worlddev.2025.106957,https://openalex.org/W4327973207
Better tracking SDG progress with fewer resources? A call for more innovative data uses,2025,World Development Perspectives,https://doi.org/10.1016/j.wdp.2025.100721,https://openalex.org/W4327973207
BRAZIL DATA COMMONS: Plataforma Unificada para Análise de Dados Públicos de Diferentes Repositórios,2025,,https://doi.org/10.5753/sbsc.2025.8634,https://openalex.org/W4327973207
Data use in social science and medical articles around the world,2025,PNAS Nexus,https://doi.org/10.1093/pnasnexus/pgaf196,https://openalex.org/W4327973207
"Maternal healthcare utilisation, women empowerment, and delivery care: geographical variations in India",2025,Research in Health Services & Regions,https://doi.org/10.1007/s43999-025-00063-3,https://openalex.org/W4327973207
The disparities and development trajectories of nations in achieving the sustainable development goals,2025,Nature Communications,https://doi.org/10.1038/s41467-025-56076-6,https://openalex.org/W4327973207
Reusing data for development: Lessons learned from an agricultural observatory in Madagascar,2025,Journal of Rural Studies,https://doi.org/10.1016/j.jrurstud.2025.103585,https://openalex.org/W4327973207
Beyond the records: Data quality and COVID-19 vaccination progress in low- and middle-income countries,2025,Journal of Development Economics,https://doi.org/10.1016/j.jdeveco.2024.103449,https://openalex.org/W4327973207
Revisiting the assumptions of the data revolution as an accelerator of the sustainable development goals,2025,Data & Policy,https://doi.org/10.1017/dap.2025.10015,https://openalex.org/W4327973207
Containment or bad detection? Poor state capacity implications on reported Covid-19 cases,2025,Journal of Institutional Economics,https://doi.org/10.1017/s1744137424000195,https://openalex.org/W4327973207
Mitigating Food Insecurity-Related Stigma,2025,Delaware Journal of Public Health,https://doi.org/10.32481/djph.2025.11.04,https://openalex.org/W4220744330
"The association between food benefit online ordering and redemptions: evidence from the Special Supplemental Nutrition Program for Women, Infants, and Children",2025,Public Health Nutrition,https://doi.org/10.1017/s1368980025100931,https://openalex.org/W4220744330
Attainable pedagogical practices for contexts of poverty: a South African case study,2024,Pedagogy Culture and Society,https://doi.org/10.1080/14681366.2024.2437360,https://openalex.org/W2766051028
Recovery from an Early-Life Shock through Improved Access to Schools,2024,Journal of Human Capital,https://doi.org/10.1086/734086,https://openalex.org/W2766051028
What Drives Teachers to Change Their Instruction? A Mixed-Methods Study from Zambia,2024,Comparative Education Review,https://doi.org/10.1086/733519,https://openalex.org/W2766051028
"Out of sight, out of mind? The gap between students’ test performance and teachers’ estimations in India and Bangladesh",2024,Economics of Education Review,https://doi.org/10.1016/j.econedurev.2024.102575,https://openalex.org/W2766051028
Untapped human capital in Africa,2024,International Journal of Educational Development,https://doi.org/10.1016/j.ijedudev.2024.103093,https://openalex.org/W2766051028
Preprimary education and early childhood development: Evidence from government schools in rural Kenya,2024,Journal of Development Economics,https://doi.org/10.1016/j.jdeveco.2024.103337,https://openalex.org/W2766051028
Teachers’ Attendance and Pupils’ Human Capital Formation: Evidence from Rural Schools in Nigeria,2024,Africa Education Review,https://doi.org/10.1080/18146627.2024.2421010,https://openalex.org/W2766051028
"Development, Education and Learning in Sri Lanka",2024,UCL Press eBooks,https://doi.org/10.2307/jj.6914758,https://openalex.org/W2766051028
The Impacts of School Microenvironment on Left-behind Children’s Academic Performance,2024,经济学报.,https://doi.org/10.26599/cje.2024.9300215,https://openalex.org/W2766051028
Peer effects of local students on the human capital of migrant children in middle schools: Evidence from China,2024,Journal of Asian Economics,https://doi.org/10.1016/j.asieco.2024.101764,https://openalex.org/W2766051028
RETRACTED ARTICLE: Surprisingly low results from studies on cognitive ability in developing countries: are the results credible?,2024,Discover Education,https://doi.org/10.1007/s44217-024-00135-5,https://openalex.org/W2766051028
Incentivising Textbooks for Self-Study: Experimental Evidence from the Democratic Republic of the Congo,2024,The Economic Journal,https://doi.org/10.1093/ej/ueae039,https://openalex.org/W2766051028
Saharaline: A Collective Social Support Intervention for Teachers in Low-Income Indian Schools,2024,,https://doi.org/10.1145/3613904.3642617,https://openalex.org/W2766051028
The Intelligence of Nations. National IQs and Correlates,2024,Qeios,https://doi.org/10.32388/6ibskw,https://openalex.org/W2766051028
Updates on private returns to education in Uganda: evidence from universal primary education policy,2024,Education Economics,https://doi.org/10.1080/09645292.2024.2345708,https://openalex.org/W2766051028
"Conceptions of Assessment: Perceptions of Physical and Health Education Teachers in Selangor, Malaysia",2024,Pertanika journal of social science & humanities,https://doi.org/10.47836/pjssh.32.1.09,https://openalex.org/W2766051028
Highlighting research on the challenges and implications of some selected educational issues,2024,Bahir Dar Journal of Education,https://doi.org/10.4314/bdje.v24i1.1,https://openalex.org/W2766051028
Resisting change: Explaining education policy reforms in Ghana,2024,Politics &amp Policy,https://doi.org/10.1111/polp.12588,https://openalex.org/W2766051028
Explaining Variation in Treatment Effects: An Impact Evaluation and Mixed-Methods Study of Variation in Early Grade Reading Program Effects,2024,Comparative Education Review,https://doi.org/10.1086/728393,https://openalex.org/W2766051028
Secondary School Access Raises Primary School Achievement,2024,SSRN Electronic Journal,https://doi.org/10.2139/ssrn.4991891,https://openalex.org/W2766051028
Access or Quality? New Challenges in Sub-Saharan Africa,2024,International and development education,https://doi.org/10.1007/978-3-031-70266-2_4,https://openalex.org/W2766051028
Michael R. Kremer (1964–),2024,,https://doi.org/10.1007/978-3-031-52053-2_44,https://openalex.org/W2766051028
Cultural and micropolitical interactions of teacher relations,2024,South African Journal of Education,https://doi.org/10.15700/saje.v44ns1a2438,https://openalex.org/W2580942528
The unintended consequences of merit-based teacher selection: Evidence from a large-scale reform in Colombia,2024,Journal of Public Economics,https://doi.org/10.1016/j.jpubeco.2024.105238,https://openalex.org/W2580942528
Reviewing the macroeconomic relevance of education system in Ethiopia: the role of skill gap,2024,Cogent Education,https://doi.org/10.1080/2331186x.2024.2365584,https://openalex.org/W2580942528
Mission Driven Bureaucrats,2024,,https://doi.org/10.1093/oso/9780197641194.001.0001,https://openalex.org/W2580942528
Systems All the Way Down,2024,,https://doi.org/10.1093/oso/9780197641194.003.0005,https://openalex.org/W2580942528
Technical Appendix,2024,,https://doi.org/10.1093/oso/9780197641194.005.0001,https://openalex.org/W2580942528
Attracting (and Keeping) the Mission-Motivated,2024,,https://doi.org/10.1093/oso/9780197641194.003.0004,https://openalex.org/W2580942528
Rethinking Accountability for Mission Driven Bureaucrats,2024,,https://doi.org/10.1093/oso/9780197641194.003.0007,https://openalex.org/W2580942528
Preface,2024,,https://doi.org/10.1093/oso/9780197641194.002.0006,https://openalex.org/W2580942528
Dedication,2024,,https://doi.org/10.1093/oso/9780197641194.002.0004,https://openalex.org/W2580942528
"If You Build It, They Will Come",2024,,https://doi.org/10.1093/oso/9780197641194.003.0009,https://openalex.org/W2580942528
Copyright Page,2024,,https://doi.org/10.1093/oso/9780197641194.002.0003,https://openalex.org/W2580942528
Strategies to Improve Performance,2024,,https://doi.org/10.1093/oso/9780197641194.003.0008,https://openalex.org/W2580942528
Advance Praise for Mission Driven Bureaucrats,2024,,https://doi.org/10.1093/oso/9780197641194.002.0008,https://openalex.org/W2580942528
Pathways from Managing for Empowerment and Managing for Compliance to Results,2024,,https://doi.org/10.1093/oso/9780197641194.003.0006,https://openalex.org/W2580942528
"The Mission of Bureaucrats, and of This Book",2024,,https://doi.org/10.1093/oso/9780197641194.003.0001,https://openalex.org/W2580942528
How You’re Managed Changes What You Want to Do,2024,,https://doi.org/10.1093/oso/9780197641194.003.0003,https://openalex.org/W2580942528
Notes,2024,,https://doi.org/10.1093/oso/9780197641194.002.0010,https://openalex.org/W2580942528
"Empowerment-Oriented Management, Mission Motivation, and Performance",2024,,https://doi.org/10.1093/oso/9780197641194.003.0002,https://openalex.org/W2580942528
Accelerating progress towards eradicating child labour (SDG8.7) with quality education (SDG4): School quality is linked to reduced child cocoa labour in Côte d’Ivoire,2024,Research in Comparative and International Education,https://doi.org/10.1177/17454999241255182,https://openalex.org/W2580942528
"Opportunities for changing teacher norms vary by underlying factors in teachers' selves, situations, standards, and society",2024,Frontiers in Education,https://doi.org/10.3389/feduc.2024.1169269,https://openalex.org/W2580942528
Analysing Mathematics Performance in Tanzanian Primary Schools through the Lens of Candidate Items Response Analysis Reports,2024,,https://doi.org/10.7176/jep/15-5-03,https://openalex.org/W2580942528
Evidence-based teaching: effective teaching practices in primary school classrooms,2024,London Review of Education,https://doi.org/10.14324/lre.22.1.08,https://openalex.org/W2580942528
Active learning with research based on three principles of higher education,2024,Journal of Education and Learning (EduLearn),https://doi.org/10.11591/edulearn.v18i2.20966,https://openalex.org/W2580942528
"Teachers’ Competency in Content Knowledge and Pedagogy in Buhi South District, Philippines",2024,International Education Trend Issues,https://doi.org/10.56442/ieti.v2i1.365,https://openalex.org/W2580942528
School work performance in sub-Saharan Africa: A bivariate multilevel analysis,2024,International Journal of Educational Research,https://doi.org/10.1016/j.ijer.2024.102388,https://openalex.org/W2580942528
The Unintended Consequences of Merit-Based Teacher Selection: Evidence from Large-Scale Reform in Colombia,2024,SSRN Electronic Journal,https://doi.org/10.2139/ssrn.4971345,https://openalex.org/W2580942528
Bildung,2024,,https://doi.org/10.1007/978-3-658-45213-1_10,https://openalex.org/W2580942528
"Advocacy groups, policy subsidies, and policy change: The case of teacher evaluations",2024,Policy Studies Journal,https://doi.org/10.1111/psj.12538,https://openalex.org/W2153122791
Revisiting the Schooling Inputs Debate: Experimental Evidence From an Early Grade Literacy Intervention in Lao <scp>PDR</scp>,2024,Review of Development Economics,https://doi.org/10.1111/rode.13169,https://openalex.org/W3142663501
How to improve education outcomes most efficiently? A review of the evidence using a unified metric,2024,Journal of Development Economics,https://doi.org/10.1016/j.jdeveco.2024.103382,https://openalex.org/W3142663501
Pumps: A Possible Tool to Promote More Equitable LactationOutcomes,2024,The Yale Journal of Biology and Medicine,https://doi.org/10.59249/mwyw7163,https://openalex.org/W2903171032
"Cross-sectional associations of Special Supplemental Nutrition Program for Women, Infants, and Children benefit redemption and diet among children ages 1–4 years in California",2024,American Journal of Clinical Nutrition,https://doi.org/10.1016/j.ajcnut.2024.06.002,https://openalex.org/W3213634859
Mixed methods evaluation of the COVID-19 changes to the WIC cash-value benefit for fruits and vegetables,2024,Frontiers in Public Health,https://doi.org/10.3389/fpubh.2024.1371697,https://openalex.org/W3213634859
Promoting Healthier Purchases: Ultraprocessed Food Taxes and Minimally Processed Foods Subsidies for the Low Income,2024,American Journal of Preventive Medicine,https://doi.org/10.1016/j.amepre.2024.02.019,https://openalex.org/W3213634859
The effects of SNAP emergency allotments on state-level SNAP benefits and enrollment during the COVID-19 pandemic,2024,Health Affairs Scholar,https://doi.org/10.1093/haschl/qxae109,https://openalex.org/W2967747679
Food Security to Medication Adherence—Connecting Needs,2024,JAMA Network Open,https://doi.org/10.1001/jamanetworkopen.2023.56570,https://openalex.org/W2967747679
Barriers and Enablers for Equitable Healthy Food Access in Baltimore Carryout Restaurants: A Qualitative Study in Healthy Food Priority Areas,2024,Nutrients,https://doi.org/10.3390/nu16173028,https://openalex.org/W3134769759
A forensic statistical analysis of fraud in the federal food stamp program,2024,The Annals of Applied Statistics,https://doi.org/10.1214/24-aoas1891,https://openalex.org/W3134769759
Supplemental Nutrition Assistance Program and depressive symptoms among adults with low family income in the U.S.: The National Health and Nutrition Examination Survey 2011–2018,2024,Journal of Affective Disorders,https://doi.org/10.1016/j.jad.2024.07.093,https://openalex.org/W3134769759
The silent barrier: exploring data availability in Small Island Developing States,2024,Revista Panamericana de Salud Pública,https://doi.org/10.26633/rpsp.2024.80,https://openalex.org/W4327973207
Methodological approaches on synergies and trade-offs within the 2030 Agenda,2024,iScience,https://doi.org/10.1016/j.isci.2024.111100,https://openalex.org/W4327973207
Rethinking official statistics: A sociological perspective,2024,Statistical Journal of the IAOS,https://doi.org/10.3233/sji-240034,https://openalex.org/W4327973207
Is there a quantitative relationship between democracy and official statistics?,2024,Statistical Journal of the IAOS,https://doi.org/10.3233/sji-240012,https://openalex.org/W4327973207
Does global warming worsen poverty and inequality? An updated review,2024,Journal of Economic Surveys,https://doi.org/10.1111/joes.12636,https://openalex.org/W4327973207
Missing Evidence: Tracking Academic Data Use around the World,2024,Research Square,https://doi.org/10.21203/rs.3.rs-4219045/v1,https://openalex.org/W4327973207
Country statistical capacity: A recent assessment tool and further reflections on the way forward,2024,Statistical Journal of the IAOS,https://doi.org/10.3233/sji-230093,https://openalex.org/W4327973207
Does Global Warming Worsen Poverty and Inequality? An Updated Review,2024,"Washington, DC: World Bank eBooks",https://doi.org/10.1596/1813-9450-10697,https://openalex.org/W4327973207
Stigma in marketing and consumer research: A literature review and research agenda,2024,Journal of Consumer Behaviour,https://doi.org/10.1002/cb.2321,https://openalex.org/W4220744330
State expansion of Supplemental Nutrition Assistance Program eligibility and rates of firearm-involved deaths in the United States,2024,Injury Prevention,https://doi.org/10.1136/ip-2023-045035,https://openalex.org/W3122015554
Submitted and Denied: Understanding variation in case status across Supplemental Nutrition assistance program (SNAP) applications,2024,Food Policy,https://doi.org/10.1016/j.foodpol.2023.102588,https://openalex.org/W3122015554
Country Statistical Capacity: A Recent Assessment Tool and Further Reflections on the Way Forward,2024,SSRN Electronic Journal,https://doi.org/10.2139/ssrn.4786062,https://openalex.org/W4391178417
"A promising approach to scaling up professional development: intelligent, interactive, virtual professional development with just-in-time feedback",2023,Journal of Mathematics Teacher Education,https://doi.org/10.1007/s10857-023-09615-1,https://openalex.org/W2766051028
Building Trust for Enhanced Job Satisfaction: Insights from High School Teachers in Pekanbaru City,2023,AL-ISHLAH Jurnal Pendidikan,https://doi.org/10.35445/alishlah.v15i4.4622,https://openalex.org/W2580942528
Review Of The Use Of Standardized Achievement Tests For Accountability Purposes In Education: The Colombia And Chile Cases,2023,,https://doi.org/10.54014/q7ay-bb91,https://openalex.org/W2153122791
Calibrating violence risk assessments for uncertainty,2023,General Psychiatry,https://doi.org/10.1136/gpsych-2022-100921,https://openalex.org/W2153122791
The cultural correlates of learning poverty: The roles of long-term orientation and power distance,2023,International Journal of Intercultural Relations,https://doi.org/10.1016/j.ijintrel.2023.101816,https://openalex.org/W3142663501
Improving Learning in Low- and Lower-Middle-Income Countries,2023,Journal of Benefit-Cost Analysis,https://doi.org/10.1017/bca.2023.26,https://openalex.org/W3142663501
Supporting breastfeeding equity: A cross-sectional study of US birthing facility administrators,2023,Preventive Medicine Reports,https://doi.org/10.1016/j.pmedr.2023.102259,https://openalex.org/W2903171032
"Familial sources of encouragement and breast-feeding practices among women participating in the US Special Supplemental Nutrition Programme for Women, Infants and Children",2023,Public Health Nutrition,https://doi.org/10.1017/s1368980023000666,https://openalex.org/W2903171032
Providing Low-Income Women With a Manual Pump: A Pilot Study,2023,Hospital Pediatrics,https://doi.org/10.1542/hpeds.2021-006380,https://openalex.org/W2903171032
"Breastfeeding Initiation Trends by Special Supplemental Nutrition Program for Women, Infants, and Children Participation and Race/Ethnicity Among Medicaid Births",2023,Journal of Nutrition Education and Behavior,https://doi.org/10.1016/j.jneb.2022.09.006,https://openalex.org/W2903171032
A Quasi-Experimental Assessment of the Effect of the 2009 WIC Food Package Revisions on Breastfeeding Outcomes,2023,Nutrients,https://doi.org/10.3390/nu15020414,https://openalex.org/W2903171032
"Lower redemption of monthly Special Supplemental Nutrition Program for Women, Infants and Children benefits associated with higher risk of program discontinuation",2023,Public Health Nutrition,https://doi.org/10.1017/s136898002300201x,https://openalex.org/W3213634859
"Local Control, Discretion, and Administrative Burden: SNAP Interview Waivers and Caseloads During the COVID-19 Pandemic",2023,The American Review of Public Administration,https://doi.org/10.1177/02750740231186423,https://openalex.org/W2967747679
<scp>SNAP</scp>enrollment cycles: New insights from heterogeneous panel models with<scp>cross‐sectional</scp>dependence,2023,American Journal of Agricultural Economics,https://doi.org/10.1111/ajae.12390,https://openalex.org/W2967747679
Food Insecurity Among Members of the Armed Forces and Their Dependents,2023,RAND Corporation eBooks,https://doi.org/10.7249/rra1230-1,https://openalex.org/W2967747679
Evaluating Food Assistance Programs in the Presence of Food Waste: The Case of SNAP,2023,SSRN Electronic Journal,https://doi.org/10.2139/ssrn.4557513,https://openalex.org/W2967747679
FAIR2: A framework for addressing discrimination bias in social data science,2023,,https://doi.org/10.4995/carma2023.2023.16400,https://openalex.org/W3134769759
5th International Conference on Advanced Research Methods and Analytics (CARMA 2023),2023,,https://doi.org/10.4995/carma2023.2023.17009,https://openalex.org/W3134769759
Food insecurity and nutrition education: The role of Extension Master Gardeners in providing fresh produce to food pantries,2023,,https://doi.org/10.31274/td-20240329-346,https://openalex.org/W3134769759
Are Vaccination Campaigns Misinformed? Experimental Evidence from COVID-19 in Low- and Middle-Income Countries,2023,World Bank policy research working paper,https://doi.org/10.1596/1813-9450-10443,https://openalex.org/W4327973207
Statistical performance indicators and index—a new tool to measure country statistical capacity,2023,Scientific Data,https://doi.org/10.1038/s41597-023-01971-0,https://openalex.org/W4327973207
COVID-19 Pandemic and the Health and Well-Being of Vulnerable People in Vietnam,2023,,https://doi.org/10.1007/978-3-030-96778-9_127-1,https://openalex.org/W4327973207
Simulated Learners in Educational Technology: A Systematic Literature Review and a Turing-like Test,2023,International Journal of Artificial Intelligence in Education,https://doi.org/10.1007/s40593-023-00337-2,https://openalex.org/W2984160421
Stability and consistency of school effects: evidence from senior high schools in China,2023,School Effectiveness and School Improvement,https://doi.org/10.1080/09243453.2023.2206806,https://openalex.org/W2984160421
Teaching away from school: do school digital support influence teachers’ well-being during Covid-19 emergency?,2023,Large-scale Assessments in Education,https://doi.org/10.1186/s40536-023-00159-7,https://openalex.org/W2984160421
Stigma in the marketplace,2023,,https://doi.org/10.11606/t.12.2023.tde-14122023-191903,https://openalex.org/W4220744330
A Comparison of Student Growth Percentile and Value-added Models on School Quality Measures,2022,Digital Archive @ GSU,https://doi.org/10.57709/14423383,https://openalex.org/W2153122791
Teachers Performance Appraisal and Development and Instructional Competence,2022,Journal of Advances in Education and Philosophy,https://doi.org/10.36348/jaep.2022.v06i05.001,https://openalex.org/W2153122791
Evaluating Teacher Performance and Teaching Effectiveness: Conceptual and Methodological Considerations,2022,"Teacher education, learning innovation and accountability",https://doi.org/10.1007/978-3-031-13639-9_3,https://openalex.org/W2153122791
Learning Loss in Cambodia and the Use of EdTech during COVID-19,2022,"World Bank, Washington, DC eBooks",https://doi.org/10.1596/38351,https://openalex.org/W3142663501
Guidelines for Implementing Universal Screening to Support All Learners,2022,,https://doi.org/10.56383/iahf6237,https://openalex.org/W3142663501
Learning Losses during COVID-19: Global Estimates of an Invisible and Unequal Crisis,2022,"World Bank, Washington, DC eBooks",https://doi.org/10.1596/1813-9450-10218,https://openalex.org/W3142663501
Can learning be measured by phone? Evidence from Kenya,2022,Economics of Education Review,https://doi.org/10.1016/j.econedurev.2022.102309,https://openalex.org/W3142663501
The Way Forward in Analyzing National Educational Systems: A Re-Considered View,2022,,https://doi.org/10.35489/bsg-risewp_2022/110,https://openalex.org/W3142663501
The education index in the context of sustainability: Thermo-economic considerations,2022,Frontiers in Physics,https://doi.org/10.3389/fphy.2022.968033,https://openalex.org/W3142663501
A closer look at reading comprehension: Experimental evidence from Guatemala,2022,International Journal of Educational Development,https://doi.org/10.1016/j.ijedudev.2022.102630,https://openalex.org/W3142663501
The growing digital divide in education among primary and secondary children during the COVID-19 pandemic: An overview of social exclusion and education equality issues,2022,Journal of Human Behavior in the Social Environment,https://doi.org/10.1080/10911359.2022.2062515,https://openalex.org/W3142663501
Learning in Myanmar,2022,"Washington, DC: World Bank eBooks",https://doi.org/10.1596/37683,https://openalex.org/W3142663501
Impact of the Infant Formula Shortage on Breastfeeding Rates,2022,Journal of Pediatric Health Care,https://doi.org/10.1016/j.pedhc.2022.11.006,https://openalex.org/W2903171032
Prenatal Perception of WIC Breastfeeding Recommendations Predicts Breastfeeding Exclusivity and Duration in the Infants’ First Year,2022,Journal of Nutrition,https://doi.org/10.1093/jn/nxac221,https://openalex.org/W2903171032
"Housing Insecurity, Housing Conditions, and Breastfeeding Behaviors for Medicaid-Eligible Families in Urban Settings",2022,Journal of Human Lactation,https://doi.org/10.1177/08903344221108073,https://openalex.org/W2903171032
"The role of state breastfeeding laws and programs on exclusive breastfeeding practice among mothers in the special supplemental nutrition program for Women, Infants, and Children (WIC)",2022,International Breastfeeding Journal,https://doi.org/10.1186/s13006-022-00490-9,https://openalex.org/W2903171032
Grocery Purchase Changes Were Associated With A North Carolina COVID-19 Food Assistance Incentive Program,2022,Health Affairs,https://doi.org/10.1377/hlthaff.2022.00902,https://openalex.org/W3213634859
California WIC Participants Report Favorable Impacts of the COVID-Related Increase to the WIC Cash Value Benefit,2022,International Journal of Environmental Research and Public Health,https://doi.org/10.3390/ijerph191710604,https://openalex.org/W3213634859
Age differences in expenditure responses to Supplemental Nutrition Assistance Program benefits,2022,Applied Economic Perspectives and Policy,https://doi.org/10.1002/aepp.13316,https://openalex.org/W2967747679
Decisions that matter: State Supplemental Nutrition Assistance Program policy restrictiveness limits SNAP participation rate,2022,Social Science Quarterly,https://doi.org/10.1111/ssqu.13158,https://openalex.org/W2967747679
Estimation and interpretation of teacher value added in research applications,2022,Handbook of the economics of education,https://doi.org/10.1016/bs.hesedu.2022.11.002,https://openalex.org/W2008333872
Ambitious instruction and student achievement: Evidence from early career teachers and the TRU math observation instrument,2022,Teaching and Teacher Education,https://doi.org/10.1016/j.tate.2022.103779,https://openalex.org/W2008333872
Conceptualizing and Measuring Women’s Empowerment: Insights from Country Stakeholders in Asia,2022,SSRN Electronic Journal,https://doi.org/10.2139/ssrn.4088823,https://openalex.org/W4327973207
Quality measures in higher education: Norwegian evidence,2022,Economics of Education Review,https://doi.org/10.1016/j.econedurev.2022.102235,https://openalex.org/W2984160421
Representations of student performance data in local education policy,2022,Educational Assessment Evaluation and Accountability,https://doi.org/10.1007/s11092-022-09379-x,https://openalex.org/W2984160421
A Review of Interventions to Increase WIC Enrollment and Participation,2022,Journal of Community Health,https://doi.org/10.1007/s10900-022-01131-2,https://openalex.org/W4220744330
"Association Between State Supplemental Nutrition Assistance Program Policies, Child Protective Services Involvement, and Foster Care in the US, 2004-2016",2022,JAMA Network Open,https://doi.org/10.1001/jamanetworkopen.2022.21509,https://openalex.org/W3122015554
Dynamics of macroeconomic factor effects on food assistance program participation in the United States,2022,PLoS ONE,https://doi.org/10.1371/journal.pone.0269442,https://openalex.org/W3122015554
What Makes a Good High School? Measuring School Effects beyond the Average,2021,Economie et Statistique / Economics and Statistics,https://doi.org/10.24187/ecostat.2021.528d.2057,https://openalex.org/W2153122791
School Inequalities and Educational Policies: An Introduction,2021,Economie et Statistique / Economics and Statistics,https://doi.org/10.24187/ecostat.2021.528d.2056,https://openalex.org/W2153122791
Employee Participation in Corporate Governance: What Impact Does It Have on Performance and Cash Distribution Policy in the SBF 120 (2000-2014)?,2021,Economie et Statistique / Economics and Statistics,https://doi.org/10.24187/ecostat.2021.528d.2061,https://openalex.org/W2153122791
Social Diversity: A Review of Twelve Years of Targeting Priority Education Policies,2021,Economie et Statistique / Economics and Statistics,https://doi.org/10.24187/ecostat.2021.528d.2059,https://openalex.org/W2153122791
French Universities – A Melting Pot or a Hotbed of Social Segregation? A Measure of Polarisation within the French University System (2007-2015),2021,Economie et Statistique / Economics and Statistics,https://doi.org/10.24187/ecostat.2021.528d.2058,https://openalex.org/W2153122791
Inequalities in Skills at the End of Education,2021,Economie et Statistique / Economics and Statistics,https://doi.org/10.24187/ecostat.2021.528d.2060,https://openalex.org/W2153122791
The Struggling English Language Learners: Case Studies of English Language Learning Difficulties in EFL Context,2021,English Language Teaching,https://doi.org/10.5539/elt.v14n11p108,https://openalex.org/W2153122791
Developing a context-appropriate framework for measuring quality in initial teacher education,2021,Scottish Educational Review,https://doi.org/10.1163/27730840-05301002,https://openalex.org/W2153122791
"Employer Learning, Biased Beliefs, and Labor Market Discrimination",2021,Deep Blue (University of Michigan),https://doi.org/10.7302/3065,https://openalex.org/W2153122791
Remote Learning During COVID-19,2021,"World Bank, Washington, DC eBooks",https://doi.org/10.1596/36665,https://openalex.org/W3142663501
Accelerating progress towards eradicating child labour (SDG8.7) with quality education (SDG4): school quality is linked to reduced child cocoa labour in Côte d’Ivoire,2021,,https://doi.org/10.31730/osf.io/ex3ct,https://openalex.org/W3142663501
Catástrofes de la Educación o la Debacle que no Cesa: La Innovación como Lucha contra los Elementos,2021,REICE Revista Iberoamericana sobre Calidad Eficacia y Cambio en Educación,https://doi.org/10.15366/reice2021.19.4.006,https://openalex.org/W3142663501
The Unequal Impacts of COVID-19 on Student Learning,2021,,https://doi.org/10.1007/978-3-030-81500-4_16,https://openalex.org/W3142663501
Global Outlook,2021,Global economic prospects and the developing countries,https://doi.org/10.1596/978-1-4648-1665-9_ch1,https://openalex.org/W3142663501
"Breastfeeding Outcomes, Self-Efficacy, and Satisfaction Among Low-Income Women With Late-Preterm, Early-Term, and Full-Term Infants",2021,"Journal of Obstetric, Gynecologic & Neonatal Nursing",https://doi.org/10.1016/j.jogn.2021.06.010,https://openalex.org/W2903171032
"Promoting Responsive Bottle-Feeding Within WIC: Evaluation of a Policy, Systems, and Environmental Change Approach",2021,Journal of the Academy of Nutrition and Dietetics,https://doi.org/10.1016/j.jand.2021.05.003,https://openalex.org/W2903171032
Revisiting the relationship between WIC participation and breastfeeding among low-income children in the U.S. after the 2009 WIC food package revision,2021,Food Policy,https://doi.org/10.1016/j.foodpol.2021.102089,https://openalex.org/W2903171032
Racism and Resistance: A Qualitative Study of Bias As a Barrier to Breastfeeding,2021,Breastfeeding Medicine,https://doi.org/10.1089/bfm.2020.0307,https://openalex.org/W2903171032
Associations Among Select State Policies and the Nutritional Quality of Household Packaged Food Purchases in the United States from 2008 Through 2017,2021,Journal of the Academy of Nutrition and Dietetics,https://doi.org/10.1016/j.jand.2021.09.017,https://openalex.org/W2967747679
Nationwide Assessment of SNAP Online Purchasing Pilot State Communication Efforts During the COVID-19 Pandemic,2021,Journal of Nutrition Education and Behavior,https://doi.org/10.1016/j.jneb.2021.07.004,https://openalex.org/W2967747679
Sludge,2021,The MIT Press eBooks,https://doi.org/10.7551/mitpress/13859.001.0001,https://openalex.org/W2967747679
Do State SNAP Policies Influence Program Participation among Seniors?,2021,National Bureau of Economic Research,https://doi.org/10.3386/w29037,https://openalex.org/W2967747679
Estimating Test-Score Growth for Schools and Districts With a Gap Year in the Data,2021,AERA Open,https://doi.org/10.1177/23328584211041346,https://openalex.org/W2008333872
Roles of Cities in Creating Healthful Food Systems,2021,Annual Review of Public Health,https://doi.org/10.1146/annurev-publhealth-052220-021059,https://openalex.org/W3134769759
Methods Summary and Data Tables,2021,Cambridge University Press eBooks,https://doi.org/10.1017/9781009106559.009,https://openalex.org/W4327973207
The Highways and Side Roads of Statistical Capacity Building,2021,SSRN Electronic Journal,https://doi.org/10.2139/ssrn.3916194,https://openalex.org/W4327973207
Do They See What I See? Toward a Better Understanding of the 7Cs Framework of Teaching Effectiveness,2021,Educational Assessment,https://doi.org/10.1080/10627197.2020.1858784,https://openalex.org/W2554311009
Social Transfers and Spatial Distortions,2021,,https://doi.org/10.21034/iwp.54,https://openalex.org/W3122015554
Changes in Supplemental Nutrition Assistance Program Policies and Diabetes Prevalence: Analysis of Behavioral Risk Factor Surveillance System Data From 2004 to 2014,2021,Diabetes Care,https://doi.org/10.2337/dc21-1203,https://openalex.org/W3122015554
Long‐run effects of teachers in developing countries,2020,Review of Development Economics,https://doi.org/10.1111/rode.12717,https://openalex.org/W2153122791
White Paper: Considerations for Measuring Academic Growth on Dynamic Learning Maps® (DLM®) Alternate Assessments,2020,,https://doi.org/10.35542/osf.io/bqjc4,https://openalex.org/W2153122791
How to Improve Education Outcomes Most Efficiently? A Comparison of 150 Interventions using the New Learning-Adjusted Years of Schooling Metric,2020,"World Bank, Washington, DC eBooks",https://doi.org/10.1596/1813-9450-9450,https://openalex.org/W3142663501
The Downs and Ups of the <scp>SNAP</scp> Caseload: What Matters?,2020,Applied Economic Perspectives and Policy,https://doi.org/10.1002/aepp.13076,https://openalex.org/W2967747679
When States Align Social Welfare Programs: Considering the Child Support Income Exclusion for SNAP,2020,Social Science Quarterly,https://doi.org/10.1111/ssqu.12864,https://openalex.org/W2967747679
Strengthening the Public Health Impacts of the Supplemental Nutrition Assistance Program Through Policy,2020,Annual Review of Public Health,https://doi.org/10.1146/annurev-publhealth-040119-094143,https://openalex.org/W2967747679
Examining the Social Safety Net Response to the COVID-19 Pandemic,2020,SSRN Electronic Journal,https://doi.org/10.2139/ssrn.3693339,https://openalex.org/W2967747679
Using test scores to evaluate and hold school teachers accountable in New Mexico,2020,Educational Assessment Evaluation and Accountability,https://doi.org/10.1007/s11092-020-09324-w,https://openalex.org/W2008333872
"Journal of Sociology and Social Welfare Vo. 47, No. 3",2020,The Journal of Sociology & Social Welfare,https://doi.org/10.15453/0191-5096.4440,https://openalex.org/W3134769759
Childhood SNAP Receipt as a Protective Factor Against Adult Obesity: Examining the Interaction of SNAP Participation and Neighborhood Disadvantage,2020,The Journal of Sociology & Social Welfare,https://doi.org/10.15453/0191-5096.4321,https://openalex.org/W3134769759
Comparing and assessing the consequences of two different approaches to measuring school effectiveness,2019,Educational Assessment Evaluation and Accountability,https://doi.org/10.1007/s11092-019-09308-5,https://openalex.org/W2153122791
Criterion-Referenced Value-Added Scores,2019,,https://doi.org/10.35542/osf.io/28t65,https://openalex.org/W2153122791
Comparing the Accuracy of Student Growth Measures,2019,Journal of Educational Measurement,https://doi.org/10.1111/jedm.12242,https://openalex.org/W2153122791
The Mechanics of Treatment-effect Estimate Bias for Nonexperimental Data,2019,Sociological Methods & Research,https://doi.org/10.1177/0049124119852375,https://openalex.org/W2153122791
An optimization-based DSS for student-to-teacher assignment: Classroom heterogeneity and teacher performance measures,2019,Decision Support Systems,https://doi.org/10.1016/j.dss.2019.02.006,https://openalex.org/W2153122791
Student Growth Percentiles 101: Using Relative Ranks in Student Test Scores to Help Measure Teaching Effectiveness,2019,RAND Corporation eBooks,https://doi.org/10.7249/rr4312.2,https://openalex.org/W2153122791
"Racial and Ethnic Differences in Reasons for Breastfeeding Cessation Among Women Participating in the Special Supplemental Nutrition Program for Women, Infants, and Children",2019,Journal of Midwifery & Women s Health,https://doi.org/10.1111/jmwh.13031,https://openalex.org/W2903171032
WIC Participation and Breastfeeding after the 2009 WIC Revision: A Propensity Score Approach,2019,International Journal of Environmental Research and Public Health,https://doi.org/10.3390/ijerph16152645,https://openalex.org/W2903171032
Nutrition Monitoring of Children Aged Birth to 24 Mo (B-24): Data Collection and Findings from the NHANES,2019,Advances in Nutrition,https://doi.org/10.1093/advances/nmz077,https://openalex.org/W2903171032
Effectiveness of Peer Counselor Support on Breastfeeding Outcomes in WIC-Enrolled Women,2019,Journal of Nutrition Education and Behavior,https://doi.org/10.1016/j.jneb.2019.03.005,https://openalex.org/W2903171032
SNAP at the Community Scale: How Neighborhood Characteristics Affect Participation and Food Access,2019,American Journal of Public Health,https://doi.org/10.2105/ajph.2019.305363,https://openalex.org/W3134769759
Full-day Schooling and Educational Inequality in Vietnam,2018,The Journal of Development Studies,https://doi.org/10.1080/00220388.2018.1469744,https://openalex.org/W2153122791
Does the precision and stability of value-added estimates of teacher performance depend on the types of students they serve?,2018,Economics of Education Review,https://doi.org/10.1016/j.econedurev.2018.04.001,https://openalex.org/W2153122791
Educational Achievement of Indigenous Students in Chile: School Composition and Peer Effects,2018,Comparative Education Review,https://doi.org/10.1086/696957,https://openalex.org/W2153122791
Median Growth Percentiles (MGPs): Assessment of Intertemporal Stability and Correlations with Observational Scores,2018,Educational Assessment,https://doi.org/10.1080/10627197.2018.1449634,https://openalex.org/W2153122791
Value-Added and Growth Models in Education Research,2018,,https://doi.org/10.1007/978-3-319-93539-3_11,https://openalex.org/W2153122791
Value-Added and Student Growth Percentile Models: What Drives Differences in Estimated Classroom Effects?,2018,Statistics and Public Policy,https://doi.org/10.1080/2330443x.2018.1438938,https://openalex.org/W2153122791
Using the TxVAAS to Improve Teacher Effectiveness: Investigating the Research-Situated “Truths” Behind TxVAAS Claims,2018,Journal of Educational Research and Practice,https://doi.org/10.5590/jerap.2018.08.1.12,https://openalex.org/W2008333872
SNAP Take-Up and Transaction Costs: An Analysis Using the Food Security Survey,2018,SSRN Electronic Journal,https://doi.org/10.2139/ssrn.3305961,https://openalex.org/W3122015554
Teacher quality and student achievement in Chile: Linking teachers' contribution and observable characteristics,2017,International Journal of Educational Development,https://doi.org/10.1016/j.ijedudev.2017.09.009,https://openalex.org/W2153122791
Measuring quality in initial teacher education : A literature review for Scotland’s MQuITE Study.,2017,ENLIGHTEN (Jurnal Bimbingan dan Konseling Islam),http://eprints.gla.ac.uk/view/author/74638.html>,https://openalex.org/W2153122791
"A failed marriage between standardization and incentivism: Divergent perspectives on the aims of performance-based compensation in Shanghai, China",2017,Education Policy Analysis Archives,https://doi.org/10.14507/epaa.25.2891,https://openalex.org/W2153122791
Value Added Estimation in the Presence of Missing Data,2017,RePEc: Research Papers in Economics,https://EconPapers.repec.org/RePEc:fsu:wpaper:wp2017_08_02,https://openalex.org/W2153122791
School Management and Public–Private Partnerships in Uganda,2017,Journal of African Economies,https://doi.org/10.1093/jae/ejx021,https://openalex.org/W2153122791
School Management and Public-Private Partnerships in Uganda,2017,,https://doi.org/10.35489/bsg-rise-wp_2017/013,https://openalex.org/W2153122791
The Implications of Reduced Testing for Teacher Accountability,2017,AERA Open,https://doi.org/10.1177/2332858417704411,https://openalex.org/W2153122791
The Accuracy of Aggregate Student Growth Percentiles as Indicators of Educator Performance,2017,Educational Measurement Issues and Practice,https://doi.org/10.1111/emip.12144,https://openalex.org/W2153122791
Methods for Accounting for Co-Teaching in Value-Added Models,2016,Statistics and Public Policy,https://doi.org/10.1080/2330443x.2016.1265473,https://openalex.org/W2153122791
Principal holistic judgments and high-stakes evaluations of teachers,2016,Educational Assessment Evaluation and Accountability,https://doi.org/10.1007/s11092-016-9256-7,https://openalex.org/W2153122791
Building Teacher Teams,2016,Educational Evaluation and Policy Analysis,https://doi.org/10.3102/0162373716665698,https://openalex.org/W2153122791
The Impact of Summer Learning Loss on Measures of School Performance,2016,Education Finance and Policy,https://doi.org/10.1162/edfp_a_00213,https://openalex.org/W2153122791
Exploring Complete School Effectiveness via Quantile Value Added,2016,Journal of the Royal Statistical Society Series A (Statistics in Society),https://doi.org/10.1111/rssa.12195,https://openalex.org/W2153122791
"Linking Teacher Quality, Student Attendance, and Student Achievement",2016,Education Finance and Policy,https://doi.org/10.1162/edfp_a_00180,https://openalex.org/W2008333872
The Implications of Summer Learning Loss for Value-Added Estimates of Teacher Effectiveness,2016,Educational Policy,https://doi.org/10.1177/0895904815625288,https://openalex.org/W2008333872
Validating “value added” in the primary grades: one district’s attempts to increase fairness and inclusivity in its teacher evaluation system,2015,Educational Assessment Evaluation and Accountability,https://doi.org/10.1007/s11092-015-9234-5,https://openalex.org/W2153122791
The Impact of Measurement Error on the Accuracy of Individual and Aggregate SGP,2015,Educational Measurement Issues and Practice,https://doi.org/10.1111/emip.12062,https://openalex.org/W2153122791
Does Full-day Schooling Reduce Educational Inequality in Vietnam?,2015,,http://citeseerx.ist.psu.edu/viewdoc/summary?doi=10.1.1.715.4643,https://openalex.org/W2153122791
Value-added modeling: A review,2015,Economics of Education Review,https://doi.org/10.1016/j.econedurev.2015.01.006,https://openalex.org/W2008333872
Assessing the “Rothstein Falsification Test”: Does It Really Show Teacher Value-Added Models Are Biased?,2015,Journal of Research on Educational Effectiveness,https://doi.org/10.1080/19345747.2014.978059,https://openalex.org/W2008333872
Can Value-Added Measures of Teacher Performance Be Trusted?,2014,Education Finance and Policy,https://doi.org/10.1162/edfp_a_00153,https://openalex.org/W2008333872
Should Value-Added Models Control for Student Absences?,2014,SSRN Electronic Journal,https://doi.org/10.2139/ssrn.2562962,https://openalex.org/W2008333872
Concurrent Validity of Standards-Based Assessments of Teacher Candidate Readiness for Licensure,2014,SAGE Open,https://doi.org/10.1177/2158244014560545,https://openalex.org/W2554311009
Review of Two Culminating Reports from the MET Project,2013,RePEc: Research Papers in Economics,,https://openalex.org/W2554311009
R E S EA RCH-BA S ED OP T IO NS FO R EDUC AT IO N POL IC YM AK I NG,2013,,https://nepc.colorado.edu/files/pb-options-7-ellparents.pdf,https://openalex.org/W2554311009
